nombre,tipo
Convertidor Bidireccional, Convertidor HDMI
Convertidor Bidireccional, Convertidor HDMI
Convertidor Bidireccional, Convertidor HDMI
Convertidor Bidireccional, Convertidor HDMI
Convertidor Bidireccional, Convertidor HDMI
Convertidor Bidireccional, Convertidor HDMI
Convertidor Bidireccional, Convertidor HDMI
Convertidor Bidireccional, Convertidor HDMI
Convertidor Bidireccional, Convertidor HDMI
Convertidor Bidireccional, Convertidor HDMI
Convertidor Bidireccional, Convertidor HDMI
Convertidor Bidireccional, Convertidor HDMI
Convertidor Bidireccional, Convertidor HDMI
Convertidor Bidireccional, Convertidor HDMI
Convertidor Bidireccional, Convertidor HDMI
Convertidor Bidireccional, Convertidor HDMI
Convertidor Bidireccional, Convertidor HDMI
Convertidor Bidireccional, Convertidor HDMI
Convertidor Bidireccional, Convertidor HDMI
Convertidor Bidireccional, Convertidor HDMI
Convertidor Bidireccional, Convertidor HDMI
Convertidor Bidireccional, Convertidor HDMI
Convertidor Bidireccional, Convertidor HDMI
Convertidor Bidireccional, Convertidor HDMI
Convertidor Bidireccional, Convertidor HDMI
Convertidor Bidireccional, Convertidor HDMI
Convertidor Bidireccional, Convertidor HDMI
Convertidor Bidireccional, Convertidor HDMI
Memoria Cfexpress, Otros
Memoria Cfexpress, Otros
Memoria Cfexpress, Otros
Lector Memoria CF, Otros
Torre PC Iceberg, Computador
Teclado Genius, Teclado
Mouse Genius, Mouse
Monitor AOC, Monitor
Base Microfono AudioArt, Micrófono
Base Microfono AudioArt, Micrófono
Atem Mini Pro, Consola
Stream Deck, Consola
Video Hub, Otros
Multiview, Otros
Stage Box, Otros
MikroTik, Otros
UPS Forza, UPS
Switch x24, Switch
UPS Powest, UPS
Capturadora AV Matrix, Convertidor de video/audio
Capturadora AV Matrix, Convertidor de video/audio
Capturadora AV Matrix, Convertidor de video/audio
Capturadora AV Matrix, Convertidor de video/audio
Capturadora AV Matrix, Convertidor de video/audio
Capturadora AV Matrix, Convertidor de video/audio
Tarjeta de Sonido Pre Sonas, Convertidor de video/audio
Tarjeta de Sonido Pre Sonas, Convertidor de video/audio
Tarjeta de Sonido Pre Sonas, Convertidor de video/audio
Tarjeta de Sonido Pre Sonas, Convertidor de video/audio
Tarjeta de Sonido Pre Sonas, Convertidor de video/audio
Tarjeta de Sonido Pre Sonas, Convertidor de video/audio
Cable XLR, Otros
Mesa Alta, Mobiliario
Silla Alta Gris, Mobiliario
Silla Alta Gris, Mobiliario
Silla Alta Marron, Mobiliario
Silla Alta Marron, Mobiliario
